Designator,Footprint,Quantity,Value,LCSC Part #
"C1, C2, C3",0402,3,0.1uF,
"C4, C7",0402,2,10uF,
"C5, C6",0402,2,100nF,
"D10, D11, D12, D7, D8, D9",0603,6,LED,
D3,SOT-143,1,SP0503BAHT,
"H1, H2, H3, H4",MountingHole_2.2mm_M2,4,MountingHole,
"J1, J2, J9",TE_282837-2,3,Screw_Terminal_01x02,
J3,TE_282834-3,1,Screw_Terminal_01x03,
J4,TE_1658525-8,1,1658525-8,
J5,USB_C_Receptacle_Palconn_UTC16-G,1,USB_C_Receptacle_USB2.0,
P2,WIZNET_RB1-125BAG1A,1,RB1-125BAG1A,
"R1, R10, R3, R5, R6, R7, R8, R9",0402,8,470,
R11,0402,1,10k,
"R12, R13, R2, R4",0402,4,49.9,
R14,0603,1,12.3k,
"R15, R16",0402,2,5.1k,
"TP1, TP2, TP3",TestPoint_Pad_D1.0mm,3,TestPoint,
U1,LQFP-80_10x10mm_P0.4mm,1,W5100,
U2,XCVR_ESP32-S3-DEVKITC-1-N8R2,1,ESP32-S3-DEVKITC-1-N8R2,
